alias guillaume Guillaume Salagnac <guillaume.salagnac@insa-lyon.fr>
alias matthieu Matthieu Moy <Matthieu.Moy@univ-lyon1.fr>
alias linda Linda Soumari <linda.soumari@insa-lyon.fr>
alias marian Vasile-Marian Scuturici <marian.scuturici@insa-lyon.fr>
